-- phpMyAdmin SQL Dump
-- version 4.7.4
-- https://www.phpmyadmin.net/
--
-- Host: 127.0.0.1
-- Generation Time: May 25, 2018 at 01:43 PM
-- Server version: 10.1.28-MariaDB
-- PHP Version: 7.1.11

SET SQL_MODE = "NO_AUTO_VALUE_ON_ZERO";
SET AUTOCOMMIT = 0;
START TRANSACTION;
SET time_zone = "+00:00";


/*!40101 SET @OLD_CHARACTER_SET_CLIENT=@@CHARACTER_SET_CLIENT */;
/*!40101 SET @OLD_CHARACTER_SET_RESULTS=@@CHARACTER_SET_RESULTS */;
/*!40101 SET @OLD_COLLATION_CONNECTION=@@COLLATION_CONNECTION */;
/*!40101 SET NAMES utf8mb4 */;

--
-- Database: `medical`
--

-- --------------------------------------------------------

--
-- Table structure for table `categories`
--

CREATE TABLE `categories` (
  `id` int(10) UNSIGNED NOT NULL,
  `parent_id` int(10) UNSIGNED DEFAULT NULL,
  `order` int(11) NOT NULL DEFAULT '1',
  `name` varchar(191) COLLATE utf8mb4_unicode_ci NOT NULL,
  `slug` varchar(191) COLLATE utf8mb4_unicode_ci NOT NULL,
  `created_at` timestamp NULL DEFAULT NULL,
  `updated_at` timestamp NULL DEFAULT NULL
) ENGINE=InnoDB DEFAULT CHARSET=utf8mb4 COLLATE=utf8mb4_unicode_ci;

--
-- Dumping data for table `categories`
--

INSERT INTO `categories` (`id`, `parent_id`, `order`, `name`, `slug`, `created_at`, `updated_at`) VALUES
(1, NULL, 1, 'Category 1', 'category-1', '2017-12-29 18:21:23', '2017-12-29 18:21:23'),
(2, NULL, 1, 'Category 2', 'category-2', '2017-12-29 18:21:23', '2017-12-29 18:21:23');

-- --------------------------------------------------------

--
-- Table structure for table `data_rows`
--

CREATE TABLE `data_rows` (
  `id` int(10) UNSIGNED NOT NULL,
  `data_type_id` int(10) UNSIGNED NOT NULL,
  `field` varchar(191) COLLATE utf8mb4_unicode_ci NOT NULL,
  `type` varchar(191) COLLATE utf8mb4_unicode_ci NOT NULL,
  `display_name` varchar(191) COLLATE utf8mb4_unicode_ci NOT NULL,
  `required` tinyint(1) NOT NULL DEFAULT '0',
  `browse` tinyint(1) NOT NULL DEFAULT '1',
  `read` tinyint(1) NOT NULL DEFAULT '1',
  `edit` tinyint(1) NOT NULL DEFAULT '1',
  `add` tinyint(1) NOT NULL DEFAULT '1',
  `delete` tinyint(1) NOT NULL DEFAULT '1',
  `details` text COLLATE utf8mb4_unicode_ci,
  `order` int(11) NOT NULL DEFAULT '1'
) ENGINE=InnoDB DEFAULT CHARSET=utf8mb4 COLLATE=utf8mb4_unicode_ci;

--
-- Dumping data for table `data_rows`
--

INSERT INTO `data_rows` (`id`, `data_type_id`, `field`, `type`, `display_name`, `required`, `browse`, `read`, `edit`, `add`, `delete`, `details`, `order`) VALUES
(1, 1, 'id', 'number', 'ID', 1, 0, 0, 0, 0, 0, NULL, 1),
(2, 1, 'author_id', 'text', 'Author', 1, 0, 1, 1, 0, 1, NULL, 2),
(3, 1, 'category_id', 'text', 'Category', 0, 0, 1, 1, 1, 0, NULL, 3),
(4, 1, 'title', 'text', 'Title', 1, 1, 1, 1, 1, 1, NULL, 4),
(5, 1, 'excerpt', 'text_area', 'excerpt', 0, 0, 1, 1, 1, 1, NULL, 5),
(6, 1, 'body', 'rich_text_box', 'Body', 1, 0, 1, 1, 1, 1, NULL, 6),
(7, 1, 'image', 'image', 'Post Image', 0, 1, 1, 1, 1, 1, '{\"resize\":{\"width\":\"1000\",\"height\":\"null\"},\"quality\":\"70%\",\"upsize\":true,\"thumbnails\":[{\"name\":\"medium\",\"scale\":\"50%\"},{\"name\":\"small\",\"scale\":\"25%\"},{\"name\":\"cropped\",\"crop\":{\"width\":\"300\",\"height\":\"250\"}}]}', 7),
(8, 1, 'slug', 'text', 'slug', 1, 0, 1, 1, 1, 1, '{\"slugify\":{\"origin\":\"title\",\"forceUpdate\":true}}', 8),
(9, 1, 'meta_description', 'text_area', 'meta_description', 0, 0, 1, 1, 1, 1, NULL, 9),
(10, 1, 'meta_keywords', 'text_area', 'meta_keywords', 0, 0, 1, 1, 1, 1, NULL, 10),
(11, 1, 'status', 'select_dropdown', 'status', 1, 1, 1, 1, 1, 1, '{\"default\":\"DRAFT\",\"options\":{\"PUBLISHED\":\"published\",\"DRAFT\":\"draft\",\"PENDING\":\"pending\"}}', 11),
(12, 1, 'created_at', 'timestamp', 'created_at', 0, 1, 1, 0, 0, 0, NULL, 12),
(13, 1, 'updated_at', 'timestamp', 'updated_at', 0, 0, 0, 0, 0, 0, NULL, 13),
(14, 2, 'id', 'number', 'id', 1, 0, 0, 0, 0, 0, NULL, 1),
(15, 2, 'author_id', 'text', 'author_id', 1, 0, 0, 0, 0, 0, NULL, 2),
(16, 2, 'title', 'text', 'title', 1, 1, 1, 1, 1, 1, NULL, 3),
(17, 2, 'excerpt', 'text_area', 'excerpt', 0, 0, 1, 1, 1, 1, NULL, 4),
(18, 2, 'body', 'rich_text_box', 'body', 0, 0, 1, 1, 1, 1, NULL, 5),
(19, 2, 'slug', 'text', 'slug', 1, 0, 1, 1, 1, 1, '{\"slugify\":{\"origin\":\"title\"}}', 6),
(20, 2, 'meta_description', 'text', 'meta_description', 0, 0, 1, 1, 1, 1, NULL, 7),
(21, 2, 'meta_keywords', 'text', 'meta_keywords', 0, 0, 1, 1, 1, 1, NULL, 8),
(22, 2, 'status', 'select_dropdown', 'status', 1, 1, 1, 1, 1, 1, '{\"default\":\"INACTIVE\",\"options\":{\"INACTIVE\":\"INACTIVE\",\"ACTIVE\":\"ACTIVE\"}}', 9),
(23, 2, 'created_at', 'timestamp', 'created_at', 0, 1, 1, 0, 0, 0, NULL, 10),
(24, 2, 'updated_at', 'timestamp', 'updated_at', 0, 0, 0, 0, 0, 0, NULL, 11),
(25, 2, 'image', 'image', 'image', 0, 1, 1, 1, 1, 1, NULL, 12),
(26, 3, 'id', 'number', 'id', 1, 0, 0, 0, 0, 0, '', 1),
(27, 3, 'name', 'text', 'name', 1, 1, 1, 1, 1, 1, '', 2),
(28, 3, 'email', 'text', 'email', 1, 1, 1, 1, 1, 1, '', 3),
(29, 3, 'password', 'password', 'password', 0, 0, 0, 1, 1, 0, '', 4),
(30, 3, 'user_belongsto_role_relationship', 'relationship', 'Role', 0, 1, 1, 1, 1, 0, '{\"model\":\"TCG\\\\Voyager\\\\Models\\\\Role\",\"table\":\"roles\",\"type\":\"belongsTo\",\"column\":\"role_id\",\"key\":\"id\",\"label\":\"name\",\"pivot_table\":\"roles\",\"pivot\":\"0\"}', 10),
(31, 3, 'remember_token', 'text', 'remember_token', 0, 0, 0, 0, 0, 0, '', 5),
(32, 3, 'created_at', 'timestamp', 'created_at', 0, 1, 1, 0, 0, 0, '', 6),
(33, 3, 'updated_at', 'timestamp', 'updated_at', 0, 0, 0, 0, 0, 0, '', 7),
(34, 3, 'avatar', 'image', 'avatar', 0, 1, 1, 1, 1, 1, '', 8),
(35, 5, 'id', 'number', 'id', 1, 0, 0, 0, 0, 0, NULL, 1),
(36, 5, 'name', 'text', 'name', 1, 1, 1, 1, 1, 1, NULL, 2),
(37, 5, 'created_at', 'timestamp', 'created_at', 0, 0, 0, 0, 0, 0, NULL, 3),
(38, 5, 'updated_at', 'timestamp', 'updated_at', 0, 0, 0, 0, 0, 0, NULL, 4),
(39, 4, 'id', 'number', 'id', 1, 0, 0, 0, 0, 0, NULL, 1),
(40, 4, 'parent_id', 'select_dropdown', 'parent_id', 0, 0, 1, 1, 1, 1, '{\"default\":\"\",\"null\":\"\",\"options\":{\"\":\"-- None --\"},\"relationship\":{\"key\":\"id\",\"label\":\"name\"}}', 2),
(41, 4, 'order', 'text', 'order', 1, 1, 1, 1, 1, 1, '{\"default\":1}', 3),
(42, 4, 'name', 'text', 'name', 1, 1, 1, 1, 1, 1, NULL, 4),
(43, 4, 'slug', 'text', 'slug', 1, 1, 1, 1, 1, 1, '{\"slugify\":{\"origin\":\"name\"}}', 5),
(44, 4, 'created_at', 'timestamp', 'created_at', 0, 0, 1, 0, 0, 0, NULL, 6),
(45, 4, 'updated_at', 'timestamp', 'updated_at', 0, 0, 0, 0, 0, 0, NULL, 7),
(46, 6, 'id', 'number', 'id', 1, 0, 0, 0, 0, 0, NULL, 1),
(47, 6, 'name', 'text', 'Name', 1, 1, 1, 1, 1, 1, NULL, 2),
(48, 6, 'created_at', 'timestamp', 'created_at', 0, 0, 0, 0, 0, 0, NULL, 3),
(49, 6, 'updated_at', 'timestamp', 'updated_at', 0, 0, 0, 0, 0, 0, NULL, 4),
(50, 6, 'display_name', 'text', 'Display Name', 1, 1, 1, 1, 1, 1, NULL, 5),
(51, 1, 'seo_title', 'text', 'seo_title', 0, 1, 1, 1, 1, 1, NULL, 14),
(52, 1, 'featured', 'checkbox', 'featured', 1, 1, 1, 1, 1, 1, NULL, 15),
(53, 3, 'role_id', 'text', 'role_id', 1, 1, 1, 1, 1, 1, '', 9);

-- --------------------------------------------------------

--
-- Table structure for table `data_types`
--

CREATE TABLE `data_types` (
  `id` int(10) UNSIGNED NOT NULL,
  `name` varchar(191) COLLATE utf8mb4_unicode_ci NOT NULL,
  `slug` varchar(191) COLLATE utf8mb4_unicode_ci NOT NULL,
  `display_name_singular` varchar(191) COLLATE utf8mb4_unicode_ci NOT NULL,
  `display_name_plural` varchar(191) COLLATE utf8mb4_unicode_ci NOT NULL,
  `icon` varchar(191) COLLATE utf8mb4_unicode_ci DEFAULT NULL,
  `model_name` varchar(191) COLLATE utf8mb4_unicode_ci DEFAULT NULL,
  `policy_name` varchar(191) COLLATE utf8mb4_unicode_ci DEFAULT NULL,
  `controller` varchar(191) COLLATE utf8mb4_unicode_ci DEFAULT NULL,
  `description` varchar(191) COLLATE utf8mb4_unicode_ci DEFAULT NULL,
  `generate_permissions` tinyint(1) NOT NULL DEFAULT '0',
  `server_side` tinyint(4) NOT NULL DEFAULT '0',
  `created_at` timestamp NULL DEFAULT NULL,
  `updated_at` timestamp NULL DEFAULT NULL
) ENGINE=InnoDB DEFAULT CHARSET=utf8mb4 COLLATE=utf8mb4_unicode_ci;

--
-- Dumping data for table `data_types`
--

INSERT INTO `data_types` (`id`, `name`, `slug`, `display_name_singular`, `display_name_plural`, `icon`, `model_name`, `policy_name`, `controller`, `description`, `generate_permissions`, `server_side`, `created_at`, `updated_at`) VALUES
(1, 'posts', 'posts', 'پست', 'پست ها', 'voyager-news', 'TCG\\Voyager\\Models\\Post', 'TCG\\Voyager\\Policies\\PostPolicy', NULL, NULL, 1, 0, '2017-12-29 18:21:08', '2018-01-07 13:20:12'),
(2, 'pages', 'pages', 'صفحه', 'صفحات', 'voyager-file-text', 'TCG\\Voyager\\Models\\Page', NULL, NULL, NULL, 1, 0, '2017-12-29 18:21:08', '2018-01-08 17:37:55'),
(3, 'users', 'users', 'User', 'Users', 'voyager-person', 'TCG\\Voyager\\Models\\User', 'TCG\\Voyager\\Policies\\UserPolicy', '', '', 1, 0, '2017-12-29 18:21:08', '2017-12-29 18:21:08'),
(4, 'categories', 'categories', 'دسته بندی', 'دسته بندی ها', 'voyager-categories', 'TCG\\Voyager\\Models\\Category', NULL, NULL, NULL, 1, 0, '2017-12-29 18:21:08', '2018-01-08 17:36:22'),
(5, 'menus', 'menus', 'منو', 'منو ها', 'voyager-list', 'TCG\\Voyager\\Models\\Menu', NULL, NULL, NULL, 1, 0, '2017-12-29 18:21:09', '2018-01-08 17:37:03'),
(6, 'roles', 'roles', 'نقش', 'نقش ها', 'voyager-lock', 'TCG\\Voyager\\Models\\Role', NULL, NULL, NULL, 1, 0, '2017-12-29 18:21:09', '2018-01-09 16:24:17');

-- --------------------------------------------------------

--
-- Table structure for table `menus`
--

CREATE TABLE `menus` (
  `id` int(10) UNSIGNED NOT NULL,
  `name` varchar(191) COLLATE utf8mb4_unicode_ci NOT NULL,
  `created_at` timestamp NULL DEFAULT NULL,
  `updated_at` timestamp NULL DEFAULT NULL
) ENGINE=InnoDB DEFAULT CHARSET=utf8mb4 COLLATE=utf8mb4_unicode_ci;

--
-- Dumping data for table `menus`
--

INSERT INTO `menus` (`id`, `name`, `created_at`, `updated_at`) VALUES
(1, 'admin', '2017-12-29 18:21:13', '2017-12-29 18:21:13');

-- --------------------------------------------------------

--
-- Table structure for table `menu_items`
--

CREATE TABLE `menu_items` (
  `id` int(10) UNSIGNED NOT NULL,
  `menu_id` int(10) UNSIGNED DEFAULT NULL,
  `title` varchar(191) COLLATE utf8mb4_unicode_ci NOT NULL,
  `url` varchar(191) COLLATE utf8mb4_unicode_ci NOT NULL,
  `target` varchar(191) COLLATE utf8mb4_unicode_ci NOT NULL DEFAULT '_self',
  `icon_class` varchar(191) COLLATE utf8mb4_unicode_ci DEFAULT NULL,
  `color` varchar(191) COLLATE utf8mb4_unicode_ci DEFAULT NULL,
  `parent_id` int(11) DEFAULT NULL,
  `order` int(11) NOT NULL,
  `created_at` timestamp NULL DEFAULT NULL,
  `updated_at` timestamp NULL DEFAULT NULL,
  `route` varchar(191) COLLATE utf8mb4_unicode_ci DEFAULT NULL,
  `parameters` text COLLATE utf8mb4_unicode_ci
) ENGINE=InnoDB DEFAULT CHARSET=utf8mb4 COLLATE=utf8mb4_unicode_ci;

--
-- Dumping data for table `menu_items`
--

INSERT INTO `menu_items` (`id`, `menu_id`, `title`, `url`, `target`, `icon_class`, `color`, `parent_id`, `order`, `created_at`, `updated_at`, `route`, `parameters`) VALUES
(1, 1, 'داشبورد', '', '_self', 'voyager-boat', '#000000', NULL, 1, '2017-12-29 18:21:14', '2018-01-07 13:25:31', 'voyager.dashboard', 'null'),
(2, 1, 'عکس و فیلم', '', '_self', 'voyager-images', '#000000', NULL, 4, '2017-12-29 18:21:14', '2018-01-08 15:32:43', 'voyager.media.index', 'null'),
(3, 1, 'پست ها', '', '_self', 'voyager-news', '#000000', NULL, 5, '2017-12-29 18:21:14', '2018-01-08 15:32:43', 'voyager.posts.index', 'null'),
(4, 1, 'کاربران', '', '_self', 'voyager-person', '#000000', NULL, 3, '2017-12-29 18:21:14', '2018-01-07 13:27:08', 'voyager.users.index', 'null'),
(5, 1, 'دسته بندی ها', '', '_self', 'voyager-categories', '#000000', NULL, 7, '2017-12-29 18:21:14', '2018-01-08 15:32:43', 'voyager.categories.index', 'null'),
(6, 1, 'صفحات', '', '_self', 'voyager-file-text', '#000000', NULL, 6, '2017-12-29 18:21:14', '2018-01-08 15:32:43', 'voyager.pages.index', 'null'),
(7, 1, 'قوانین', '', '_self', 'voyager-lock', '#000000', NULL, 2, '2017-12-29 18:21:14', '2018-01-07 13:26:23', 'voyager.roles.index', 'null'),
(8, 1, 'ابزار', '', '_self', 'voyager-tools', '#000000', NULL, 8, '2017-12-29 18:21:14', '2018-01-08 15:32:44', NULL, ''),
(9, 1, 'ساخت منو', '', '_self', 'voyager-list', '#000000', 8, 1, '2017-12-29 18:21:15', '2018-01-08 15:33:07', 'voyager.menus.index', 'null'),
(10, 1, 'پایگاه داده', '', '_self', 'voyager-data', '#000000', 8, 2, '2017-12-29 18:21:15', '2018-01-08 15:33:42', 'voyager.database.index', 'null'),
(11, 1, 'فطب نما', '', '_self', 'voyager-compass', '#000000', 8, 3, '2017-12-29 18:21:15', '2018-01-08 15:35:15', 'voyager.compass.index', 'null'),
(12, 1, 'قلاب ها', '', '_self', 'voyager-hook', '#000000', 8, 4, '2017-12-29 18:21:15', '2018-01-08 15:35:42', 'voyager.hooks', 'null'),
(13, 1, 'تنظیمات', '', '_self', 'voyager-settings', '#000000', NULL, 9, '2017-12-29 18:21:15', '2018-01-08 15:36:02', 'voyager.settings.index', 'null');

-- --------------------------------------------------------

--
-- Table structure for table `migrations`
--

CREATE TABLE `migrations` (
  `id` int(10) UNSIGNED NOT NULL,
  `migration` varchar(191) COLLATE utf8mb4_unicode_ci NOT NULL,
  `batch` int(11) NOT NULL
) ENGINE=InnoDB DEFAULT CHARSET=utf8mb4 COLLATE=utf8mb4_unicode_ci;

--
-- Dumping data for table `migrations`
--

INSERT INTO `migrations` (`id`, `migration`, `batch`) VALUES
(1, '2014_10_12_000000_create_users_table', 1),
(2, '2014_10_12_100000_create_password_resets_table', 1),
(3, '2016_01_01_000000_add_voyager_user_fields', 1),
(4, '2016_01_01_000000_create_data_types_table', 1),
(5, '2016_01_01_000000_create_pages_table', 1),
(6, '2016_01_01_000000_create_posts_table', 1),
(7, '2016_02_15_204651_create_categories_table', 1),
(8, '2016_05_19_173453_create_menu_table', 1),
(9, '2016_10_21_190000_create_roles_table', 1),
(10, '2016_10_21_190000_create_settings_table', 1),
(11, '2016_11_30_135954_create_permission_table', 1),
(12, '2016_11_30_141208_create_permission_role_table', 1),
(13, '2016_12_26_201236_data_types__add__server_side', 1),
(14, '2017_01_13_000000_add_route_to_menu_items_table', 1),
(15, '2017_01_14_005015_create_translations_table', 1),
(16, '2017_01_15_000000_add_permission_group_id_to_permissions_table', 1),
(17, '2017_01_15_000000_create_permission_groups_table', 1),
(18, '2017_01_15_000000_make_table_name_nullable_in_permissions_table', 1),
(19, '2017_03_06_000000_add_controller_to_data_types_table', 1),
(20, '2017_04_11_000000_alter_post_nullable_fields_table', 1),
(21, '2017_04_21_000000_add_order_to_data_rows_table', 1),
(22, '2017_07_05_210000_add_policyname_to_data_types_table', 1),
(23, '2017_08_05_000000_add_group_to_settings_table', 1);

-- --------------------------------------------------------

--
-- Table structure for table `pages`
--

CREATE TABLE `pages` (
  `id` int(10) UNSIGNED NOT NULL,
  `author_id` int(11) NOT NULL,
  `title` varchar(191) COLLATE utf8mb4_unicode_ci NOT NULL,
  `excerpt` text COLLATE utf8mb4_unicode_ci,
  `body` text COLLATE utf8mb4_unicode_ci,
  `image` varchar(191) COLLATE utf8mb4_unicode_ci DEFAULT NULL,
  `slug` varchar(191) COLLATE utf8mb4_unicode_ci NOT NULL,
  `meta_description` text COLLATE utf8mb4_unicode_ci,
  `meta_keywords` text COLLATE utf8mb4_unicode_ci,
  `status` enum('ACTIVE','INACTIVE') COLLATE utf8mb4_unicode_ci NOT NULL DEFAULT 'INACTIVE',
  `created_at` timestamp NULL DEFAULT NULL,
  `updated_at` timestamp NULL DEFAULT NULL
) ENGINE=InnoDB DEFAULT CHARSET=utf8mb4 COLLATE=utf8mb4_unicode_ci;

--
-- Dumping data for table `pages`
--

INSERT INTO `pages` (`id`, `author_id`, `title`, `excerpt`, `body`, `image`, `slug`, `meta_description`, `meta_keywords`, `status`, `created_at`, `updated_at`) VALUES
(1, 0, 'Hello World', 'Hang the jib grog grog blossom grapple dance the hempen jig gangway pressgang bilge rat to go on account lugger. Nelsons folly gabion line draught scallywag fire ship gaff fluke fathom case shot. Sea Legs bilge rat sloop matey gabion long clothes run a shot across the bow Gold Road cog league.', '<p>Hello World. Scallywag grog swab Cat o\'nine tails scuttle rigging hardtack cable nipper Yellow Jack. Handsomely spirits knave lad killick landlubber or just lubber deadlights chantey pinnace crack Jennys tea cup. Provost long clothes black spot Yellow Jack bilged on her anchor league lateen sail case shot lee tackle.</p>\n<p>Ballast spirits fluke topmast me quarterdeck schooner landlubber or just lubber gabion belaying pin. Pinnace stern galleon starboard warp carouser to go on account dance the hempen jig jolly boat measured fer yer chains. Man-of-war fire in the hole nipperkin handsomely doubloon barkadeer Brethren of the Coast gibbet driver squiffy.</p>', 'pages/page1.jpg', 'hello-world', 'Yar Meta Description', 'Keyword1, Keyword2', 'ACTIVE', '2017-12-29 18:21:24', '2017-12-29 18:21:24');

-- --------------------------------------------------------

--
-- Table structure for table `password_resets`
--

CREATE TABLE `password_resets` (
  `email` varchar(191) COLLATE utf8mb4_unicode_ci NOT NULL,
  `token` varchar(191) COLLATE utf8mb4_unicode_ci NOT NULL,
  `created_at` timestamp NULL DEFAULT NULL
) ENGINE=InnoDB DEFAULT CHARSET=utf8mb4 COLLATE=utf8mb4_unicode_ci;

-- --------------------------------------------------------

--
-- Table structure for table `permissions`
--

CREATE TABLE `permissions` (
  `id` int(10) UNSIGNED NOT NULL,
  `key` varchar(191) COLLATE utf8mb4_unicode_ci NOT NULL,
  `table_name` varchar(191) COLLATE utf8mb4_unicode_ci DEFAULT NULL,
  `created_at` timestamp NULL DEFAULT NULL,
  `updated_at` timestamp NULL DEFAULT NULL,
  `permission_group_id` int(10) UNSIGNED DEFAULT NULL
) ENGINE=InnoDB DEFAULT CHARSET=utf8mb4 COLLATE=utf8mb4_unicode_ci;

--
-- Dumping data for table `permissions`
--

INSERT INTO `permissions` (`id`, `key`, `table_name`, `created_at`, `updated_at`, `permission_group_id`) VALUES
(1, 'browse_admin', NULL, '2017-12-29 18:21:15', '2017-12-29 18:21:15', NULL),
(2, 'browse_database', NULL, '2017-12-29 18:21:15', '2017-12-29 18:21:15', NULL),
(3, 'browse_media', NULL, '2017-12-29 18:21:15', '2017-12-29 18:21:15', NULL),
(4, 'browse_compass', NULL, '2017-12-29 18:21:15', '2017-12-29 18:21:15', NULL),
(5, 'browse_menus', 'menus', '2017-12-29 18:21:15', '2017-12-29 18:21:15', NULL),
(6, 'read_menus', 'menus', '2017-12-29 18:21:15', '2017-12-29 18:21:15', NULL),
(7, 'edit_menus', 'menus', '2017-12-29 18:21:16', '2017-12-29 18:21:16', NULL),
(8, 'add_menus', 'menus', '2017-12-29 18:21:16', '2017-12-29 18:21:16', NULL),
(9, 'delete_menus', 'menus', '2017-12-29 18:21:16', '2017-12-29 18:21:16', NULL),
(10, 'browse_pages', 'pages', '2017-12-29 18:21:16', '2017-12-29 18:21:16', NULL),
(11, 'read_pages', 'pages', '2017-12-29 18:21:16', '2017-12-29 18:21:16', NULL),
(12, 'edit_pages', 'pages', '2017-12-29 18:21:16', '2017-12-29 18:21:16', NULL),
(13, 'add_pages', 'pages', '2017-12-29 18:21:16', '2017-12-29 18:21:16', NULL),
(14, 'delete_pages', 'pages', '2017-12-29 18:21:16', '2017-12-29 18:21:16', NULL),
(15, 'browse_roles', 'roles', '2017-12-29 18:21:16', '2017-12-29 18:21:16', NULL),
(16, 'read_roles', 'roles', '2017-12-29 18:21:16', '2017-12-29 18:21:16', NULL),
(17, 'edit_roles', 'roles', '2017-12-29 18:21:16', '2017-12-29 18:21:16', NULL),
(18, 'add_roles', 'roles', '2017-12-29 18:21:16', '2017-12-29 18:21:16', NULL),
(19, 'delete_roles', 'roles', '2017-12-29 18:21:16', '2017-12-29 18:21:16', NULL),
(20, 'browse_users', 'users', '2017-12-29 18:21:16', '2017-12-29 18:21:16', NULL),
(21, 'read_users', 'users', '2017-12-29 18:21:16', '2017-12-29 18:21:16', NULL),
(22, 'edit_users', 'users', '2017-12-29 18:21:16', '2017-12-29 18:21:16', NULL),
(23, 'add_users', 'users', '2017-12-29 18:21:17', '2017-12-29 18:21:17', NULL),
(24, 'delete_users', 'users', '2017-12-29 18:21:17', '2017-12-29 18:21:17', NULL),
(25, 'browse_posts', 'posts', '2017-12-29 18:21:17', '2017-12-29 18:21:17', NULL),
(26, 'read_posts', 'posts', '2017-12-29 18:21:17', '2017-12-29 18:21:17', NULL),
(27, 'edit_posts', 'posts', '2017-12-29 18:21:17', '2017-12-29 18:21:17', NULL),
(28, 'add_posts', 'posts', '2017-12-29 18:21:17', '2017-12-29 18:21:17', NULL),
(29, 'delete_posts', 'posts', '2017-12-29 18:21:17', '2017-12-29 18:21:17', NULL),
(30, 'browse_categories', 'categories', '2017-12-29 18:21:17', '2017-12-29 18:21:17', NULL),
(31, 'read_categories', 'categories', '2017-12-29 18:21:17', '2017-12-29 18:21:17', NULL),
(32, 'edit_categories', 'categories', '2017-12-29 18:21:17', '2017-12-29 18:21:17', NULL),
(33, 'add_categories', 'categories', '2017-12-29 18:21:17', '2017-12-29 18:21:17', NULL),
(34, 'delete_categories', 'categories', '2017-12-29 18:21:17', '2017-12-29 18:21:17', NULL),
(35, 'browse_settings', 'settings', '2017-12-29 18:21:17', '2017-12-29 18:21:17', NULL),
(36, 'read_settings', 'settings', '2017-12-29 18:21:17', '2017-12-29 18:21:17', NULL),
(37, 'edit_settings', 'settings', '2017-12-29 18:21:18', '2017-12-29 18:21:18', NULL),
(38, 'add_settings', 'settings', '2017-12-29 18:21:18', '2017-12-29 18:21:18', NULL),
(39, 'delete_settings', 'settings', '2017-12-29 18:21:18', '2017-12-29 18:21:18', NULL);

-- --------------------------------------------------------

--
-- Table structure for table `permission_groups`
--

CREATE TABLE `permission_groups` (
  `id` int(10) UNSIGNED NOT NULL,
  `name` varchar(191) COLLATE utf8mb4_unicode_ci NOT NULL
) ENGINE=InnoDB DEFAULT CHARSET=utf8mb4 COLLATE=utf8mb4_unicode_ci;

-- --------------------------------------------------------

--
-- Table structure for table `permission_role`
--

CREATE TABLE `permission_role` (
  `permission_id` int(10) UNSIGNED NOT NULL,
  `role_id` int(10) UNSIGNED NOT NULL
) ENGINE=InnoDB DEFAULT CHARSET=utf8mb4 COLLATE=utf8mb4_unicode_ci;

--
-- Dumping data for table `permission_role`
--

INSERT INTO `permission_role` (`permission_id`, `role_id`) VALUES
(1, 1),
(2, 1),
(3, 1),
(4, 1),
(5, 1),
(6, 1),
(7, 1),
(8, 1),
(9, 1),
(10, 1),
(11, 1),
(12, 1),
(13, 1),
(14, 1),
(15, 1),
(16, 1),
(17, 1),
(18, 1),
(19, 1),
(20, 1),
(21, 1),
(22, 1),
(23, 1),
(24, 1),
(25, 1),
(26, 1),
(27, 1),
(28, 1),
(29, 1),
(30, 1),
(31, 1),
(32, 1),
(33, 1),
(34, 1),
(35, 1),
(36, 1),
(37, 1),
(38, 1),
(39, 1);

-- --------------------------------------------------------

--
-- Table structure for table `posts`
--

CREATE TABLE `posts` (
  `id` int(10) UNSIGNED NOT NULL,
  `author_id` int(11) NOT NULL,
  `category_id` int(11) DEFAULT NULL,
  `title` varchar(191) COLLATE utf8mb4_unicode_ci NOT NULL,
  `seo_title` varchar(191) COLLATE utf8mb4_unicode_ci DEFAULT NULL,
  `excerpt` text COLLATE utf8mb4_unicode_ci,
  `body` text COLLATE utf8mb4_unicode_ci NOT NULL,
  `image` varchar(191) COLLATE utf8mb4_unicode_ci DEFAULT NULL,
  `slug` varchar(191) COLLATE utf8mb4_unicode_ci NOT NULL,
  `meta_description` text COLLATE utf8mb4_unicode_ci,
  `meta_keywords` text COLLATE utf8mb4_unicode_ci,
  `status` enum('PUBLISHED','DRAFT','PENDING') COLLATE utf8mb4_unicode_ci NOT NULL DEFAULT 'DRAFT',
  `featured` tinyint(1) NOT NULL DEFAULT '0',
  `created_at` timestamp NULL DEFAULT NULL,
  `updated_at` timestamp NULL DEFAULT NULL
) ENGINE=InnoDB DEFAULT CHARSET=utf8mb4 COLLATE=utf8mb4_unicode_ci;

--
-- Dumping data for table `posts`
--

INSERT INTO `posts` (`id`, `author_id`, `category_id`, `title`, `seo_title`, `excerpt`, `body`, `image`, `slug`, `meta_description`, `meta_keywords`, `status`, `featured`, `created_at`, `updated_at`) VALUES
(1, 0, NULL, 'Lorem Ipsum Post', NULL, 'This is the excerpt for the Lorem Ipsum Post', '<p>This is the body of the lorem ipsum post</p>', 'posts/post1.jpg', 'lorem-ipsum-post', 'This is the meta description', 'keyword1, keyword2, keyword3', 'PUBLISHED', 0, '2017-12-29 18:21:23', '2017-12-29 18:21:23'),
(2, 0, NULL, 'My Sample Post', NULL, 'This is the excerpt for the sample Post', '<p>This is the body for the sample post, which includes the body.</p>\n                <h2>We can use all kinds of format!</h2>\n                <p>And include a bunch of other stuff.</p>', 'posts/post2.jpg', 'my-sample-post', 'Meta Description for sample post', 'keyword1, keyword2, keyword3', 'PUBLISHED', 0, '2017-12-29 18:21:23', '2017-12-29 18:21:23'),
(3, 1, 1, 'Latest Post', NULL, 'This is the excerpt for the latest post', '<p style=\"padding: 1em 0px; margin: 0px; outline: none; list-style: none; border: 0px none; color: #333333; font-family: Tahoma; font-size: 12px; text-align: right; background-color: #f4f4f5;\"><span style=\"background-color: #ffffff;\">&ndash; انار به شما اجازه میده که با استفاده از گوشیت به راحتی با دوستات چت کنی.</span></p>\r\n<p style=\"padding: 1em 0px; margin: 0px; outline: none; list-style: none; border: 0px none; color: #333333; font-family: Tahoma; font-size: 12px; text-align: right; background-color: #f4f4f5;\"><span style=\"background-color: #ffffff;\">&ndash; برای استفاده از تمام قابلیت های انار شما باید یک حساب کاربری داشته باشید و با آن وارد انار شوید. ولی شما می توانید از بعضی از امکانات انار با حساب کاربری مهمان، و بدون ثبت نام، استفاده کنید.</span></p>\r\n<p style=\"padding: 1em 0px; margin: 0px; outline: none; list-style: none; border: 0px none; color: #333333; font-family: Tahoma; font-size: 12px; text-align: right; background-color: #f4f4f5;\"><span style=\"background-color: #ffffff;\">&ndash; انار بخشی از شبکه اجتماعی کوکجا است. کوکجا یکی از جذابترین و متفاوت ترین شبکه های اجتماعی در وب است. شما می توانید با استفاده از حساب کاربری کوکجا وارد انار شوید.</span></p>\r\n<p style=\"padding: 1em 0px; margin: 0px; outline: none; list-style: none; border: 0px none; color: #333333; font-family: Tahoma; font-size: 12px; text-align: right; background-color: #f4f4f5;\"><span style=\"background-color: #ffffff;\">-با استفاده از گزینه &laquo;جستجو&raquo; شما می تونی دوست های خودت رو توی انار پیدا کنی و بعد آنها را &laquo;دنبال&raquo; کنی.</span><br style=\"padding: 0px; margin: 0px; outline: none; list-style: none; border: 0px none;\" /><span style=\"background-color: #ffffff;\">بلاوه خیلی چیرای دیگه بعد دانلودش می بینید.</span></p>\r\n<p style=\"padding: 1em 0px; margin: 0px; outline: none; list-style: none; border: 0px none; color: #333333; font-family: Tahoma; font-size: 12px; text-align: right; background-color: #f4f4f5;\"><span style=\"background-color: #ffffff;\"><strong style=\"padding: 0px; margin: 0px; outline: none; list-style: none; border: 0px none;\">*&nbsp;</strong>نسخه کنونی انار برای تبلت وگوشی های اندروید (نسخه ۲.۲ به بالا) درست شده. البته قدرت گوشی، کیفیت تصویر، سرعت اینترنت و نسخه اندروید گوشی شما می تواند در تجربه کیفی اپ تاثیر گذار باشد.</span></p>', 'posts/post3.jpg', 'latest-post', 'This is the meta description', 'keyword1, keyword2, keyword3', 'PUBLISHED', 0, '2017-12-29 18:21:23', '2017-12-30 16:42:56'),
(4, 0, NULL, 'Yarr Post', NULL, 'Reef sails nipperkin bring a spring upon her cable coffer jury mast spike marooned Pieces of Eight poop deck pillage. Clipper driver coxswain galleon hempen halter come about pressgang gangplank boatswain swing the lead. Nipperkin yard skysail swab lanyard Blimey bilge water ho quarter Buccaneer.', '<p>Swab deadlights Buccaneer fire ship square-rigged dance the hempen jig weigh anchor cackle fruit grog furl. Crack Jennys tea cup chase guns pressgang hearties spirits hogshead Gold Road six pounders fathom measured fer yer chains. Main sheet provost come about trysail barkadeer crimp scuttle mizzenmast brig plunder.</p>\n<p>Mizzen league keelhaul galleon tender cog chase Barbary Coast doubloon crack Jennys tea cup. Blow the man down lugsail fire ship pinnace cackle fruit line warp Admiral of the Black strike colors doubloon. Tackle Jack Ketch come about crimp rum draft scuppers run a shot across the bow haul wind maroon.</p>\n<p>Interloper heave down list driver pressgang holystone scuppers tackle scallywag bilged on her anchor. Jack Tar interloper draught grapple mizzenmast hulk knave cable transom hogshead. Gaff pillage to go on account grog aft chase guns piracy yardarm knave clap of thunder.</p>', 'posts/post4.jpg', 'yarr-post', 'this be a meta descript', 'keyword1, keyword2, keyword3', 'PUBLISHED', 0, '2017-12-29 18:21:24', '2017-12-29 18:21:24');

-- --------------------------------------------------------

--
-- Table structure for table `roles`
--

CREATE TABLE `roles` (
  `id` int(10) UNSIGNED NOT NULL,
  `name` varchar(191) COLLATE utf8mb4_unicode_ci NOT NULL,
  `display_name` varchar(191) COLLATE utf8mb4_unicode_ci NOT NULL,
  `created_at` timestamp NULL DEFAULT NULL,
  `updated_at` timestamp NULL DEFAULT NULL
) ENGINE=InnoDB DEFAULT CHARSET=utf8mb4 COLLATE=utf8mb4_unicode_ci;

--
-- Dumping data for table `roles`
--

INSERT INTO `roles` (`id`, `name`, `display_name`, `created_at`, `updated_at`) VALUES
(1, 'admin', 'Administrator', '2017-12-29 18:21:15', '2017-12-29 18:21:15'),
(2, 'کاربر', 'Normal User', '2017-12-29 18:21:15', '2018-01-09 16:28:20'),
(3, 'پزشک', 'Doctor', '2018-01-09 16:26:30', '2018-01-09 17:07:08'),
(4, 'لیدر', 'Leader', '2018-01-09 17:06:51', '2018-01-09 17:06:51');

-- --------------------------------------------------------

--
-- Table structure for table `settings`
--

CREATE TABLE `settings` (
  `id` int(10) UNSIGNED NOT NULL,
  `key` varchar(191) COLLATE utf8mb4_unicode_ci NOT NULL,
  `display_name` varchar(191) COLLATE utf8mb4_unicode_ci NOT NULL,
  `value` text COLLATE utf8mb4_unicode_ci NOT NULL,
  `details` text COLLATE utf8mb4_unicode_ci,
  `type` varchar(191) COLLATE utf8mb4_unicode_ci NOT NULL,
  `order` int(11) NOT NULL DEFAULT '1',
  `group` varchar(191) COLLATE utf8mb4_unicode_ci DEFAULT NULL
) ENGINE=InnoDB DEFAULT CHARSET=utf8mb4 COLLATE=utf8mb4_unicode_ci;

--
-- Dumping data for table `settings`
--

INSERT INTO `settings` (`id`, `key`, `display_name`, `value`, `details`, `type`, `order`, `group`) VALUES
(1, 'site.title', 'Site Title', 'medical', '', 'text', 1, 'Site'),
(2, 'site.description', 'Site Description', 'Site Description', '', 'text', 2, 'Site'),
(3, 'site.logo', 'Site Logo', '', '', 'image', 3, 'Site'),
(4, 'site.google_analytics_tracking_id', 'Google Analytics Tracking ID', '', '', 'text', 4, 'Site'),
(5, 'admin.bg_image', 'Admin Background Image', '', '', 'image', 5, 'Admin'),
(6, 'admin.title', 'Admin Title', 'پنل مدیریت', '', 'text', 1, 'Admin'),
(7, 'admin.description', 'Admin Description', 'Welcome to Voyager. The Missing Admin for Laravel', '', 'text', 2, 'Admin'),
(8, 'admin.loader', 'Admin Loader', '', '', 'image', 3, 'Admin'),
(9, 'admin.icon_image', 'Admin Icon Image', '', '', 'image', 4, 'Admin'),
(10, 'admin.google_analytics_client_id', 'Google Analytics Client ID (used for admin dashboard)', '', '', 'text', 1, 'Admin');

-- --------------------------------------------------------

--
-- Table structure for table `translations`
--

CREATE TABLE `translations` (
  `id` int(10) UNSIGNED NOT NULL,
  `table_name` varchar(191) COLLATE utf8mb4_unicode_ci NOT NULL,
  `column_name` varchar(191) COLLATE utf8mb4_unicode_ci NOT NULL,
  `foreign_key` int(10) UNSIGNED NOT NULL,
  `locale` varchar(191) COLLATE utf8mb4_unicode_ci NOT NULL,
  `value` text COLLATE utf8mb4_unicode_ci NOT NULL,
  `created_at` timestamp NULL DEFAULT NULL,
  `updated_at` timestamp NULL DEFAULT NULL
) ENGINE=InnoDB DEFAULT CHARSET=utf8mb4 COLLATE=utf8mb4_unicode_ci;

--
-- Dumping data for table `translations`
--

INSERT INTO `translations` (`id`, `table_name`, `column_name`, `foreign_key`, `locale`, `value`, `created_at`, `updated_at`) VALUES
(1, 'data_types', 'display_name_singular', 1, 'pt', 'Post', '2017-12-29 18:21:25', '2017-12-29 18:21:25'),
(2, 'data_types', 'display_name_singular', 2, 'pt', 'Página', '2017-12-29 18:21:25', '2017-12-29 18:21:25'),
(3, 'data_types', 'display_name_singular', 3, 'pt', 'Utilizador', '2017-12-29 18:21:25', '2017-12-29 18:21:25'),
(4, 'data_types', 'display_name_singular', 4, 'pt', 'Categoria', '2017-12-29 18:21:25', '2017-12-29 18:21:25'),
(5, 'data_types', 'display_name_singular', 5, 'pt', 'Menu', '2017-12-29 18:21:25', '2017-12-29 18:21:25'),
(6, 'data_types', 'display_name_singular', 6, 'pt', 'Função', '2017-12-29 18:21:25', '2017-12-29 18:21:25'),
(7, 'data_types', 'display_name_plural', 1, 'pt', 'Posts', '2017-12-29 18:21:25', '2017-12-29 18:21:25'),
(8, 'data_types', 'display_name_plural', 2, 'pt', 'Páginas', '2017-12-29 18:21:26', '2017-12-29 18:21:26'),
(9, 'data_types', 'display_name_plural', 3, 'pt', 'Utilizadores', '2017-12-29 18:21:26', '2017-12-29 18:21:26'),
(10, 'data_types', 'display_name_plural', 4, 'pt', 'Categorias', '2017-12-29 18:21:26', '2017-12-29 18:21:26'),
(11, 'data_types', 'display_name_plural', 5, 'pt', 'Menus', '2017-12-29 18:21:26', '2017-12-29 18:21:26'),
(12, 'data_types', 'display_name_plural', 6, 'pt', 'Funções', '2017-12-29 18:21:26', '2017-12-29 18:21:26'),
(13, 'categories', 'slug', 1, 'pt', 'categoria-1', '2017-12-29 18:21:26', '2017-12-29 18:21:26'),
(14, 'categories', 'name', 1, 'pt', 'Categoria 1', '2017-12-29 18:21:26', '2017-12-29 18:21:26'),
(15, 'categories', 'slug', 2, 'pt', 'categoria-2', '2017-12-29 18:21:26', '2017-12-29 18:21:26'),
(16, 'categories', 'name', 2, 'pt', 'Categoria 2', '2017-12-29 18:21:26', '2017-12-29 18:21:26'),
(17, 'pages', 'title', 1, 'pt', 'Olá Mundo', '2017-12-29 18:21:26', '2017-12-29 18:21:26'),
(18, 'pages', 'slug', 1, 'pt', 'ola-mundo', '2017-12-29 18:21:26', '2017-12-29 18:21:26'),
(19, 'pages', 'body', 1, 'pt', '<p>Olá Mundo. Scallywag grog swab Cat o\'nine tails scuttle rigging hardtack cable nipper Yellow Jack. Handsomely spirits knave lad killick landlubber or just lubber deadlights chantey pinnace crack Jennys tea cup. Provost long clothes black spot Yellow Jack bilged on her anchor league lateen sail case shot lee tackle.</p>\r\n<p>Ballast spirits fluke topmast me quarterdeck schooner landlubber or just lubber gabion belaying pin. Pinnace stern galleon starboard warp carouser to go on account dance the hempen jig jolly boat measured fer yer chains. Man-of-war fire in the hole nipperkin handsomely doubloon barkadeer Brethren of the Coast gibbet driver squiffy.</p>', '2017-12-29 18:21:26', '2017-12-29 18:21:26'),
(20, 'menu_items', 'title', 1, 'pt', 'Painel de Controle', '2017-12-29 18:21:26', '2017-12-29 18:21:26'),
(21, 'menu_items', 'title', 2, 'pt', 'Media', '2017-12-29 18:21:26', '2017-12-29 18:21:26'),
(22, 'menu_items', 'title', 3, 'pt', 'Publicações', '2017-12-29 18:21:26', '2017-12-29 18:21:26'),
(23, 'menu_items', 'title', 4, 'pt', 'Utilizadores', '2017-12-29 18:21:26', '2017-12-29 18:21:26'),
(24, 'menu_items', 'title', 5, 'pt', 'Categorias', '2017-12-29 18:21:26', '2017-12-29 18:21:26'),
(25, 'menu_items', 'title', 6, 'pt', 'Páginas', '2017-12-29 18:21:26', '2017-12-29 18:21:26'),
(26, 'menu_items', 'title', 7, 'pt', 'Funções', '2017-12-29 18:21:26', '2017-12-29 18:21:26'),
(27, 'menu_items', 'title', 8, 'pt', 'Ferramentas', '2017-12-29 18:21:26', '2017-12-29 18:21:26'),
(28, 'menu_items', 'title', 9, 'pt', 'Menus', '2017-12-29 18:21:26', '2017-12-29 18:21:26'),
(29, 'menu_items', 'title', 10, 'pt', 'Base de dados', '2017-12-29 18:21:26', '2017-12-29 18:21:26'),
(30, 'menu_items', 'title', 13, 'pt', 'Configurações', '2017-12-29 18:21:27', '2017-12-29 18:21:27'),
(31, 'menu_items', 'title', 6, 'ar', 'صفحات', '2018-01-07 13:09:13', '2018-01-07 13:09:13'),
(32, 'data_types', 'display_name_singular', 1, 'ar', '', '2018-01-07 13:19:22', '2018-01-07 13:19:22'),
(33, 'data_types', 'display_name_plural', 1, 'ar', '', '2018-01-07 13:19:22', '2018-01-07 13:19:22'),
(34, 'menu_items', 'title', 3, 'ar', '', '2018-01-07 13:21:08', '2018-01-07 13:21:08');

-- --------------------------------------------------------

--
-- Table structure for table `users`
--

CREATE TABLE `users` (
  `id` int(10) UNSIGNED NOT NULL,
  `role_id` int(11) DEFAULT NULL,
  `name` varchar(191) COLLATE utf8mb4_unicode_ci NOT NULL,
  `email` varchar(191) COLLATE utf8mb4_unicode_ci NOT NULL,
  `avatar` varchar(191) COLLATE utf8mb4_unicode_ci DEFAULT 'users/default.png',
  `password` varchar(191) COLLATE utf8mb4_unicode_ci NOT NULL,
  `remember_token` varchar(100) COLLATE utf8mb4_unicode_ci DEFAULT NULL,
  `created_at` timestamp NULL DEFAULT NULL,
  `updated_at` timestamp NULL DEFAULT NULL
) ENGINE=InnoDB DEFAULT CHARSET=utf8mb4 COLLATE=utf8mb4_unicode_ci;

--
-- Dumping data for table `users`
--

INSERT INTO `users` (`id`, `role_id`, `name`, `email`, `avatar`, `password`, `remember_token`, `created_at`, `updated_at`) VALUES
(1, 1, 'Admin', 'admin@admin.com', 'users/default.png', '$2y$10$q51oLvGIYUajgBNhAb8eeev7vygaZ/Xex0CXASelkv2lO0pIB7p1u', 'YTD8A39P6Y1jqgWL6N31hxw1mW7N5YZIIpniLrcpeTlozPDNOD5E7pvM6E1C', '2017-12-29 18:21:23', '2017-12-29 18:21:23'),
(2, 2, 'amyadams', 'h.mosaferkocholo@gmail.com', 'users/default.png', '$2y$10$4TiTUuHdkB9AmBRgu/x.vegr6VGTNPCV8M5hQcVwZIkOSj7VDBDUy', 'Wuo7tayev9FAm15UJar1zt1FWKA6JDi3myLrjX7uMw2WelyurS5mrPSW6cGd', '2018-01-09 12:03:49', '2018-01-09 12:03:49'),
(3, 2, 'hamidrezaa', 'h.mosaferkocholo@gmail.coms', 'users/default.png', '$2y$10$3jYS1aHf0BDL9UcUheosuuvybOda3/u2ydZoH5VKBIqN./KzBzeYe', 'kcXn5ZqMO8lF2Zza2kQyjRV3HpNUTIUNeGgpUvECglG35mlUdi2qsV0RSCBW', '2018-01-09 16:16:56', '2018-01-09 16:16:56');

--
-- Indexes for dumped tables
--

--
-- Indexes for table `categories`
--
ALTER TABLE `categories`
  ADD PRIMARY KEY (`id`),
  ADD UNIQUE KEY `categories_slug_unique` (`slug`),
  ADD KEY `categories_parent_id_foreign` (`parent_id`);

--
-- Indexes for table `data_rows`
--
ALTER TABLE `data_rows`
  ADD PRIMARY KEY (`id`),
  ADD KEY `data_rows_data_type_id_foreign` (`data_type_id`);

--
-- Indexes for table `data_types`
--
ALTER TABLE `data_types`
  ADD PRIMARY KEY (`id`),
  ADD UNIQUE KEY `data_types_name_unique` (`name`),
  ADD UNIQUE KEY `data_types_slug_unique` (`slug`);

--
-- Indexes for table `menus`
--
ALTER TABLE `menus`
  ADD PRIMARY KEY (`id`),
  ADD UNIQUE KEY `menus_name_unique` (`name`);

--
-- Indexes for table `menu_items`
--
ALTER TABLE `menu_items`
  ADD PRIMARY KEY (`id`),
  ADD KEY `menu_items_menu_id_foreign` (`menu_id`);

--
-- Indexes for table `migrations`
--
ALTER TABLE `migrations`
  ADD PRIMARY KEY (`id`);

--
-- Indexes for table `pages`
--
ALTER TABLE `pages`
  ADD PRIMARY KEY (`id`),
  ADD UNIQUE KEY `pages_slug_unique` (`slug`);

--
-- Indexes for table `password_resets`
--
ALTER TABLE `password_resets`
  ADD KEY `password_resets_email_index` (`email`);

--
-- Indexes for table `permissions`
--
ALTER TABLE `permissions`
  ADD PRIMARY KEY (`id`),
  ADD KEY `permissions_key_index` (`key`);

--
-- Indexes for table `permission_groups`
--
ALTER TABLE `permission_groups`
  ADD PRIMARY KEY (`id`),
  ADD UNIQUE KEY `permission_groups_name_unique` (`name`);

--
-- Indexes for table `permission_role`
--
ALTER TABLE `permission_role`
  ADD PRIMARY KEY (`permission_id`,`role_id`),
  ADD KEY `permission_role_permission_id_index` (`permission_id`),
  ADD KEY `permission_role_role_id_index` (`role_id`);

--
-- Indexes for table `posts`
--
ALTER TABLE `posts`
  ADD PRIMARY KEY (`id`),
  ADD UNIQUE KEY `posts_slug_unique` (`slug`);

--
-- Indexes for table `roles`
--
ALTER TABLE `roles`
  ADD PRIMARY KEY (`id`),
  ADD UNIQUE KEY `roles_name_unique` (`name`);

--
-- Indexes for table `settings`
--
ALTER TABLE `settings`
  ADD PRIMARY KEY (`id`),
  ADD UNIQUE KEY `settings_key_unique` (`key`);

--
-- Indexes for table `translations`
--
ALTER TABLE `translations`
  ADD PRIMARY KEY (`id`),
  ADD UNIQUE KEY `translations_table_name_column_name_foreign_key_locale_unique` (`table_name`,`column_name`,`foreign_key`,`locale`);

--
-- Indexes for table `users`
--
ALTER TABLE `users`
  ADD PRIMARY KEY (`id`),
  ADD UNIQUE KEY `users_email_unique` (`email`);

--
-- AUTO_INCREMENT for dumped tables
--

--
-- AUTO_INCREMENT for table `categories`
--
ALTER TABLE `categories`
  MODIFY `id` int(10) UNSIGNED NOT NULL AUTO_INCREMENT, AUTO_INCREMENT=3;

--
-- AUTO_INCREMENT for table `data_rows`
--
ALTER TABLE `data_rows`
  MODIFY `id` int(10) UNSIGNED NOT NULL AUTO_INCREMENT, AUTO_INCREMENT=54;

--
-- AUTO_INCREMENT for table `data_types`
--
ALTER TABLE `data_types`
  MODIFY `id` int(10) UNSIGNED NOT NULL AUTO_INCREMENT, AUTO_INCREMENT=7;

--
-- AUTO_INCREMENT for table `menus`
--
ALTER TABLE `menus`
  MODIFY `id` int(10) UNSIGNED NOT NULL AUTO_INCREMENT, AUTO_INCREMENT=2;

--
-- AUTO_INCREMENT for table `menu_items`
--
ALTER TABLE `menu_items`
  MODIFY `id` int(10) UNSIGNED NOT NULL AUTO_INCREMENT, AUTO_INCREMENT=14;

--
-- AUTO_INCREMENT for table `migrations`
--
ALTER TABLE `migrations`
  MODIFY `id` int(10) UNSIGNED NOT NULL AUTO_INCREMENT, AUTO_INCREMENT=24;

--
-- AUTO_INCREMENT for table `pages`
--
ALTER TABLE `pages`
  MODIFY `id` int(10) UNSIGNED NOT NULL AUTO_INCREMENT, AUTO_INCREMENT=2;

--
-- AUTO_INCREMENT for table `permissions`
--
ALTER TABLE `permissions`
  MODIFY `id` int(10) UNSIGNED NOT NULL AUTO_INCREMENT, AUTO_INCREMENT=40;

--
-- AUTO_INCREMENT for table `permission_groups`
--
ALTER TABLE `permission_groups`
  MODIFY `id` int(10) UNSIGNED NOT NULL AUTO_INCREMENT;

--
-- AUTO_INCREMENT for table `posts`
--
ALTER TABLE `posts`
  MODIFY `id` int(10) UNSIGNED NOT NULL AUTO_INCREMENT, AUTO_INCREMENT=5;

--
-- AUTO_INCREMENT for table `roles`
--
ALTER TABLE `roles`
  MODIFY `id` int(10) UNSIGNED NOT NULL AUTO_INCREMENT, AUTO_INCREMENT=5;

--
-- AUTO_INCREMENT for table `settings`
--
ALTER TABLE `settings`
  MODIFY `id` int(10) UNSIGNED NOT NULL AUTO_INCREMENT, AUTO_INCREMENT=11;

--
-- AUTO_INCREMENT for table `translations`
--
ALTER TABLE `translations`
  MODIFY `id` int(10) UNSIGNED NOT NULL AUTO_INCREMENT, AUTO_INCREMENT=35;

--
-- AUTO_INCREMENT for table `users`
--
ALTER TABLE `users`
  MODIFY `id` int(10) UNSIGNED NOT NULL AUTO_INCREMENT, AUTO_INCREMENT=4;

--
-- Constraints for dumped tables
--

--
-- Constraints for table `categories`
--
ALTER TABLE `categories`
  ADD CONSTRAINT `categories_parent_id_foreign` FOREIGN KEY (`parent_id`) REFERENCES `categories` (`id`) ON DELETE SET NULL ON UPDATE CASCADE;

--
-- Constraints for table `data_rows`
--
ALTER TABLE `data_rows`
  ADD CONSTRAINT `data_rows_data_type_id_foreign` FOREIGN KEY (`data_type_id`) REFERENCES `data_types` (`id`) ON DELETE CASCADE ON UPDATE CASCADE;

--
-- Constraints for table `menu_items`
--
ALTER TABLE `menu_items`
  ADD CONSTRAINT `menu_items_menu_id_foreign` FOREIGN KEY (`menu_id`) REFERENCES `menus` (`id`) ON DELETE CASCADE;

--
-- Constraints for table `permission_role`
--
ALTER TABLE `permission_role`
  ADD CONSTRAINT `permission_role_permission_id_foreign` FOREIGN KEY (`permission_id`) REFERENCES `permissions` (`id`) ON DELETE CASCADE,
  ADD CONSTRAINT `permission_role_role_id_foreign` FOREIGN KEY (`role_id`) REFERENCES `roles` (`id`) ON DELETE CASCADE;
COMMIT;

/*!40101 SET CHARACTER_SET_CLIENT=@OLD_CHARACTER_SET_CLIENT */;
/*!40101 SET CHARACTER_SET_RESULTS=@OLD_CHARACTER_SET_RESULTS */;
/*!40101 SET COLLATION_CONNECTION=@OLD_COLLATION_CONNECTION */;
